Key,Korean,English
# UI Basic Text,,
ui_confirm,확인,Confirm
ui_cancel,취소,Cancel
ui_close,닫기,Close
ui_apply,적용,Apply
ui_back,뒤로,Back
ui_next,다음,Next
ui_previous,이전,Previous
# Menu Related,,
menu_title,메뉴,Menu
menu_resume,게임 계속,Resume Game
menu_settings,설정,Settings
menu_exit,게임 종료,Exit Game
menu_inventory,인벤토리,Inventory
menu_start,게임 시작,Start Game
menu_close,닫기,Close
# Game Related,,
game_over,게임 오버,Game Over
game_victory,승리!,Victory!
game_pause,일시정지,Pause
game_resume,계속,Resume
game_restart,다시 시작,Restart
# Loading Related,,
loading_text,로딩 중...,Loading...
loading_please_wait,잠시만 기다려주세요,Please wait
loading_progress,로딩 중...,Loading...
loading_wait,잠시만 기다려주세요...,Please wait a moment...
loading_data,데이터를 불러오는 중...,Loading data...
loading_almost_done,거의 완료되었습니다...,Almost done...
loading_prepare,준비 중...,Preparing...
loading_complete,완료 중...,Completing...
loading_success,로딩이 완료되었습니다!,Loading completed!
loading_error,로딩 중 오류가 발생했습니다.,An error occurred during loading.
loading_timeout,로딩 시간이 초과되었습니다.,Loading timeout.
loading_retry,다시 시도하시겠습니까?,Would you like to retry?
# Stage Loading Related,,
stage_prepare,스테이지를 준비하는 중...,Preparing stage...
stage_loading,스테이지를 로딩하는 중...,Loading stage...
stage_complete,스테이지 로딩 완료!,Stage loading completed!
# Fast Loading Related,,
loading_fast_prepare,빠른 로딩 준비 중...,Preparing fast loading...
loading_fast_progress,빠른 로딩 중...,Fast loading...
loading_fast_complete,빠른 로딩 완료!,Fast loading completed!
loading_fast_success,빠른 로딩이 완료되었습니다!,Fast loading completed!
# Scene Transition Related,,
scene_transition_prepare,씬 전환 준비 중...,Preparing scene transition...
scene_transition_loading,씬을 전환하는 중...,Transitioning scene...
scene_transition_complete,씬 전환 완료!,Scene transition completed!
# Language Settings,,
language_settings_title,언어 설정,Language Settings
language_settings_apply,적용,Apply
language_settings_close,닫기,Close
# Settings Popup,,
settings_language,언어 설정,Language Settings
settings_sound,사운드 설정,Sound Settings
settings_graphics,그래픽 설정,Graphics Settings
settings_close,닫기,Close
# Title Text,,
titleText,유니모,UniMo
# Language Settings Panel,,
label,,
preview,미리보기,Preview
translationcompleteness,번역 완성도,Translation Completeness
currentlanguage,현재 언어,Current Language
reset,초기화,Reset
close,닫기,Close
apply,적용,Apply
test,테스트,Test
cancel,취소,Cancel
confirm,확인,Confirm
titletext,유니모,UniMo
# Additional UI Elements,,
exit,종료,Exit
settings,설정,Settings
start,시작,Start
item,아이템,Item
title,유니모,UniMo
closebutton,닫기,Close
exitbutton,종료,Exit
settingsbutton,설정,Settings
startbutton,시작,Start
actionbutton,실행,Action
description,설명,DescriptionInfo
questprogress,퀘스트 진행도,Quest progress
level,레벨,Level
money,돈,Money
runmoenybutton,,
rungembutton,,
rungoalbutton,,
runtitle,,
rundescription,,
centermessage,중앙 메시지,Center Message
progress,진행률,Progress
buyupgradebutton,업그레이드 구매,Buy Upgrade
buildingname,건물 이름,Building Name
materials,재료,Materials
buildingcount,건물 수,Building Count
harvestbuildingtop,수확 건물,Harvest Building
runharvestbuildingname,,
runharvestbuildingdesc,,
runproductionmaterial,,
upgrade1,업그레이드,Upgrade
runupgrademoneynum1,,
runbeforeupgradenum1,,
runafterupgradenum1,,
changeddesc1,생산 속도,Production Speed
hrroom,HR 룸,HR Room
manufacturebuildingtop,제조 건물,Manufacture Building
runmanufacturebuildingname,,
runmanufacturebuildingdesc,,
runinputmaterials,,
upgrade2,업그레이드,Upgrade
runbeforeupgradenum2,,
runafterupgradenum2,,
maxnumber,최대 개수,Max Count
runupgradename,,
runbeforeupgradenum,,
runafterupgradenum,,
upgrade,업그레이드,Upgrade
runmoneynum,,
playerupgrade,플레이어 업그레이드,Player Upgrade
property,부동산,Property
moenybutton,돈,Money
buybutton,구매,Buy
runrcharactername,,
runchoicebutton1,,
runchoicebutton2,,
runchoicebutton3,,
runchoicebutton4,,
choicequestion,선택 질문,Choice Question
runlcaractername,,
runchatwindow,,
logbutton,로그,Log
skipbutton,건너뛰기,Skip
upgradebutton,업그레이드,Upgrade
workername,작업자 이름,Worker Name
workertop,작업자,Worker
workerlevenum,,
workerleve,작업자 레벨,Worker Level
productspeed,생산 속도,Production Speed
statuseffect,상태 효과,Status Effect
itemlabel,,
runworkername,,
runworkerlevenum,,
runworkerleve,,
runupgrademoneynum,,
runmoneybutton,,
runbuildingname,,
runmaterials,,
runbuildingcount,,
runconstellation,,
runchoicequestion,,
runlevelnum,,
runproductspeed,,
runstatuseffect,,
setting,설정,Settings
supportbutton,지원,Support
emergencyescape,긴급 탈출,Emergency Escape
bgm,배경음,BGM
sfx,효과음,SFX
vibration,진동,Vib
touchinfohud(clone),,
hirebutton,,
(tmp),,
tmpstagename,,
carrycapacity,운반 수량,Carry Capacity
movementspeed,이동 속도,Movement Speed
RunInputmaterials재료 A ,재료 A 잘들어감,Material A
RunInputmaterials재료 B,재료 B 잘,Material B
RunInputmaterials재료 C,재료 C 잘,Material C
,,
# CJM Buildings - Harvest & Manufacture (auto-added),,
RunHarvestBuildingName별가루 생성기,별가루 생성기,Stardust Generator
RunHarvestBuildingDesc수확형 건물이다.,수확형 건물이다.,This is a harvest-type building.
RunIngrediantName재료 A,재료 A,Material A
,,
RunManufactureBuildingName허름한 작업대,허름한 작업대,Shabby Workbench
RunManufactureBuildingDesc재료 A가 B로 만들어질 것 같다.,재료 A가 B로 만들어질 것 같다.,Looks like material A will be made into B.
RunInputmaterials재료 A,재료 A,Material A
RunProductionMaterial재료 B,재료 B,Material B
,,
RunManufactureBuildingName훌륭한 작업대,훌륭한 작업대,Excellent Workbench
RunManufactureBuildingDesc재료 B가 C로 만들어질 것 같다.,재료 B가 C로 만들어질 것 같다.,Looks like material B will be made into C.
RunInputmaterials재료 B,재료 B,Material B
RunProductionMaterial재료 C,재료 C,Material C
runworkertitle,,
runworkerdescription,,
workerlevel,일꾼 레벨,Worker Level
movespeedlabel,이동 속도,Movement Speed
runworkermovespeednum,,
capacitylabel,운송 수량,Carry Capacity
runworkercapacitynum,,
productionlabel,생산 속도,Production Speed
runworkerproductionnum,,
stuntimelabel,기절 시간,Stun Time
runworkerstuntimenum,,
stuntimeunit,S,S
stunchancelabel,기절 확률,Stun Chance
runworkerstunchancenum,,
stunchanceunit,%,%
runmoneybotton,,
# Upgrade Related,,
MaxLevelReached,이미 최대 단계입니다.,Already at maximum level.
MaxLevel,최대 단계,Max Level
moneyplus,,
arrow,,
runlevel,,
runworkercost,,
amountupgradename,,
moneyupgradename,,
rungenerate,,
runinput,,
runbuildingcost,,
runproduct,,
firstbuybutton,구매,Buy
runlstorycharactername,,
runstorychatwindow,,
runrdialoguecharactername,,
runldialoguecharactername,,
rundialoguechatwindow,,
account,계정,Account
hire,고용,Hire
lock,잠금,Lock
contentworkername,직원이름:,Worker:
contentworkerrank,등급:,Rank:
msg_already_have_building,회수 영역에 이미 구매해둔 건물이 있을 때는 건물을 구매할 수 없습니다.,You cannot purchase a building when there is already one in the recovery area. 
msg_cannot_purchase_building_holding,손에 뭔가 쥐고 있을 때는 건물을 구매할 수 없습니다,You cannot purchase a building while holding an item. 
msg_not_enough_money,돈이 모자랍니다,Not enough money. 
msg_tutorial_move,스크린을 길게 눌러\n조이스틱으로\n움직여보세요,(EN)스크린을 길게 눌러\n조이스틱으로\n움직여보세요
msg_tutorial_interact,가까이 접근하여\n대화할 수 있습니다,(EN)가까이 접근하여\n대화할 수 있습니다
msg_tutorial_questSquence01-1,별가루를 모아\n석상에게 가져다 주세요.,(EN)별가루를 모아\n석상에게 가져다 주세요.
msg_tutorial_questSquence01-2,건물에 가까이 다가가\n물건을 필요한 곳으로\n운반할 수 있습니다.,(EN)건물에 가까이 다가가\n물건을 필요한 곳으로\n운반할 수 있습니다.
msg_tutorial_questSquence02-1,더 많은 별가루를 만들어 보세요,EN 더 많은 별가루를 만들어 보세요
msg_tutorial_questSquence02-2,건물의 발판을 통해 원하는 작업을 수행할 수 있습니다,EN 건물의 발판을 통해 원하는 작업을 수행할 수 있습니다
msg_tutorial_questSquence03-1,부동산에서 구매한 건물은 부지에 건설할 수 있습니다,
msg_tutorial_questSquence04-1,수확 건물은 자동으로 재료를 생산합니다,
msg_tutorial_questSquence04-2,수확한 재료는 작업 건물에서 변환할 수 있습니다,
msg_tutorial_questSquence06-1,석상의 빛에서 알 수 없는 힘이 나오고 있습니다,
msg_tutorial_questSquence06-2,누군가의 도움을 받으면 별가루를 더 쉽게 만들 수 있을 것 같아요,
msg_tutorial_questSquence07-1,일꾼은 스스로 재료를 수확합니다,
