캐릭터 리소스,,,,,,,
"$캐릭터 ID
고정 스테이터스ID 101
_??은 StageID$",캐릭터 이름,캐릭터 영어 이름,캐릭터 설명 스트링키,애니메이션 파일명,캐릭터 모델링 리소스 파일명,캐릭터 이미지 리소스 파일명,캐릭터 사운드 리소스 파일명
CharacterID,Name_Kr,Name_En,Desc,AnimID,ModelResource,ImgResource,SoundResource
string,string,string,string,string,string,string,string
101_Tutorial,고등어,고등어(En),캐릭터 설명 스트링키,,Highfish,Highfish,
101_Stage00,고등어1,고등어1(En),,,Highfish,Highfish,
102_Stage00,고등어2,고등어2(En),,,Highfish,Highfish,
103_Stage00,고등어3,고등어3(En),,,Highfish,Highfish,
104_Stage00,고등어4,고등어4(En),,,Highfish,Highfish,
105_Stage00,고등어5,고등어5(En),,,Highfish,Highfish,
106_Stage00,고등어6,고등어6(En),,,Highfish,Highfish,
