플레이어 캐릭터 스테이터스_고정,,,,,,,,,,,
캐릭터 고정 스테이터스ID,캐릭터ID,BM 사용 시 이동속도,최대 이동속도 레벨,BM 사용 시 운반수량,최대 운반수량 레벨,최대 흥정 레벨,제작 속도,,,,
CharacterFixedID,CharacterID,BMSpeed,MaxSpeedLV,BMCapacity,MaxCapacityLV,MaxNegoLV,PDSpeed,,,,
string,int,float,int,int,int,int,float,,,,
10501_F,105,10,3,10,5,5,2,,,,
,,,,,,,,,,,
,,,,,,,,,,,
,,,,,,,,,,,
,,,,,,,,,,,
,,,,,,,,,,,
,,,,,,,,,,,
,,,,,,,,,,,
,,,,,,,,,,,
,,,,,,,,,,,
,,,,,,,,,,,
,,,,,,,,,,,
,,,,,,,,,,,
,,,,,,,,,,,
,,,,,,,,,,,
,,,,,,,,,,,
,,,,,,,,,,,
,,,,,,,,,,,
,,,,,,,,,,,
,,,,,,,,,,,
,,,,,,,,,,,
,,,,,,,,,,,
