일꾼 스테이터스_고정,,,,,,,,,
캐릭터 고정 스테이터스ID,캐릭터ID,"$캐릭터 등급
1 : Normal
2: Rare
3: Epic
4: Legendary$",최대 이동속도 레벨,최대 운반수량 레벨,제작 속도,제작 속도 등급,상태이상 지속시간,상태이상 걸릴 확률,상태이상 등급
CharacterFixedID,CharacterID,CharacterRank,MaxSpeedLV,MaxCapacityLV,PDSpeed,PDSpeedTier,EffectTimeOverride,EffectChance,EffectTier
string,int,int,int,int,float,string,float,float,string
101,101,1,3,5,20,Normal,5,31.3,Normal
102,102,1,4,3,2,Normal,13,31.3,Normal
103,103,1,5,5,2,Normal,13,31.3,Normal
104,104,1,5,5,3,Rare,13,31.3,Normal
105,105,1,6,4,3,Rare,13,31.3,Normal
106,106,2,7,7,7.1,Rare,20,17.5,Normal
107,107,2,8,9,7.1,Rare,20,17.5,Normal
108,108,2,9,10,7.1,Rare,20,17.5,Normal
109,109,3,10,11,17,Epic,20,17.5,Normal
110,110,4,11,12,20,Legendary,20,17.5,Normal
