퀘스트 데이터,,,,,
퀘스트 데이터 ID,Npc ID,$퀘스트 순서(숫자가 작을수록 선행됨)$,퀘스트 이름,"$퀘스트 타입(0: 메인, 1: 서브)$",퀘스트 설명
Id,NpcId,QuestOrder,QuestName,QuestType,Description
string,string,int,string,int,string
quest0001,npc001,1,$튜토리얼 퀘스트 1$,0,$튜토리얼 퀘스트 1 샘플 데이터$
quest0002,npc001,2,$튜토리얼 퀘스트 2$,0,$튜토리얼 퀘스트 2 샘플 데이터$
quest0003,npc001,3,$튜토리얼 퀘스트 3$,0,$튜토리얼 퀘스트 3 샘플 데이터$
quest1001,npc002,1,$스테이지1 퀘스트 1$,0,$스테이지 1 퀘스트 1 샘플 데이터$
quest1002,npc002,2,$스테이지 퀘스트 2$,0,$스테이지 1 퀘스트 2 샘플 데이터$
quest1003,npc002,3,$스테이지 퀘스트 3$,1,$스테이지 1 퀘스트 3 샘플 데이터$
